	Acidaminococcus_intestini	Akkermansia_muciniphila	Alistipes_indistinctus	Alistipes_onderdonkii	Alistipes_putredinis	Alistipes_unclassified	Anaerostipes_hadrus	Anaerostipes_unclassified	Bacteroidales_bacterium_ph8	Bacteroides_caccae	Bacteroides_cellulosilyticus	Bacteroides_clarus	Bacteroides_coprocola	Bacteroides_dorei	Bacteroides_eggerthii	Bacteroides_fragilis	Bacteroides_intestinalis	Bacteroides_massiliensis	Bacteroides_ovatus	Bacteroides_pectinophilus	Bacteroides_plebeius	Bacteroides_salyersiae	Bacteroides_sp_1_1_30	Bacteroides_stercoris	Bacteroides_uniformis	Bacteroides_xylanisolvens	Barnesiella_intestinihominis	Bifidobacterium_adolescentis	Bifidobacterium_breve	Bifidobacterium_longum	Butyrivibrio_crossotus	C2likevirus_unclassified	Catenibacterium_mitsuokai	Clostridium_bartlettii	Clostridium_bolteae	Clostridium_citroniae	Clostridium_nexile	Clostridium_perfringens	Clostridium_ramosum	Clostridium_sp_KLE_1755	Clostridium_sp_L2_50	Collinsella_aerofaciens	Coprobacillus_sp_29_1	Coprobacillus_sp_D6	Coprobacillus_unclassified	Coprococcus_catus	Coprococcus_eutactus	Coprococcus_sp_ART55_1	Dialister_invisus	Dialister_succinatiphilus	Dorea_longicatena	Enterobacteria_phage_JL1	Enterococcus_avium	Enterococcus_dispar	Enterococcus_faecalis	Erysipelotrichaceae_bacterium_6_1_45	Escherichia_coli	Eubacterium_biforme	Eubacterium_hallii	Eubacterium_ramulus	Eubacterium_rectale	Eubacterium_siraeum	Eubacterium_ventriosum	Faecalibacterium_prausnitzii	Flavonifractor_plautii	Haemophilus_parainfluenzae	Klebsiella_oxytoca	Lachnospiraceae_bacterium_1_1_57FAA	Lachnospiraceae_bacterium_3_1_57FAA_CT1	Lachnospiraceae_bacterium_8_1_57FAA	Lactobacillus_ruminis	Lactobacillus_salivarius	Lactococcus_phage_936_sensu_lato	Lactococcus_phage_jm2	Megamonas_unclassified	Megasphaera_unclassified	Methanobrevibacter_smithii	Mitsuokella_multacida	Mitsuokella_unclassified	Odoribacter_splanchnicus	Oscillibacter_unclassified	Parabacteroides_distasonis	Parabacteroides_merdae	Parabacteroides_unclassified	Paraprevotella_clara	Parasutterella_excrementihominis	Pediococcus_pentosaceus	Phascolarctobacterium_succinatutens	Prevotella_copri	Pyramidobacter_piscolens	Roseburia_hominis	Roseburia_intestinalis	Roseburia_inulinivorans	Ruminococcus_bromii	Ruminococcus_callidus	Ruminococcus_lactaris	Ruminococcus_obeum	Ruminococcus_sp_5_1_39BFAA	Ruminococcus_torques	Salmonella_phage_FelixO1	Salmonella_phage_Vi_II_E1	Streptococcus_parasanguinis	Streptococcus_phage_ALQ13_2	Streptococcus_thermophilus	Sutterella_wadsworthensis	Veillonella_unclassified
101HP	0	0.34033	0.01552	0.31336	0.01579	0	0	0	0.14214	0.1235	4.57591	0	0.1957	0.12138	0	0	0.05861	0	0.33353	0	0.23228	0	0	0.00286	1.22733	0	0.18386	0.57674	0	0	0	0.10455	0	0.01034	0.45256	0.0486	0	0	0	0	0	0.12981	0	0	0.00513	0.25414	0	36.7549	0	0	0.26351	0	0	0	0	0	4.26077	0	0.45117	0.03173	10.29176	0.19831	0.69542	12.61237	0	0	0.01126	0	0	1.02287	0	0	0	0	0	0	0.28718	0	0	0	1.91967	0.12279	0.9773	1.0937	0.63131	0	0	0	0	0	0.77444	0.67989	0.18316	0.791	0	0.67718	0.18681	0	1.01064	0	0	0.00229	0	0.01487	0	0.00222
102HP	0	0	0	0.23363	0.08771	0	0	0	0.1475	0.48132	3.34449	0	0.16977	0.59202	0	0	0.22736	0	0.45751	0.03203	0.13355	0	0	0.00716	1.41361	0.00765	0.36213	0.45121	0	0.04948	0	0.10111	0	0	0.04376	0	0	0	0	0	0	0.07445	0	0	0	0.35591	0	12.60319	0.03847	0	0.55956	0	0	0	0	0	1.73777	0	0.48047	0.1756	22.11725	2.92867	0	8.09969	0	0.01618	0	0	0	1.36515	0.02376	0	1.25058	0	0	0	0.93533	0	0	0.73482	0.19643	0.07999	1.29033	0.01645	0.30175	0	0	0	0	0	0.04296	0	0.26544	2.11719	0	2.38298	0.5871	0.79016	1.25667	0	0	0	0	0.2526	0	0.00127
105HP	0	0	0	1.2848	0	0	0.0058	0	0	0.0043	0	0	0	0.00274	0	0	5.69653	0.00755	0.60655	0	0	0	0	0	20.50127	0	4.08454	0	0	0	0	0	0	0	0.06038	0	0	0	0.07853	0	0	0	0	0	0.21103	0.04094	0	0	0	0	0	0	0.07574	0	0.01036	0	2.86758	0	0	0	0.24666	0	0	1.04905	0.13138	0	0	0	0	0	0	0	0	0	0	0	0	0	0	0.54929	1.24403	1.14332	0.50721	0.51901	0	0	0	0	0	0	0	0.07056	0	0.45135	0	0	0.0363	0	2.39462	0	0	0	0	0.15895	0	0
106HP	0.92583	0	0	0.00378	0	0	0	0	0.083	0	0	0	0	0.02241	0	0	0	0	0.01758	0	0	0	0	0	0.00244	0	0.0137	0.95656	0	0.0511	17.8053	0	1.02477	0.05797	0	0	0	0	0	0	0	0.00342	0	0	0	0.05795	0.00599	0	0	0	0.29541	0	0	0	0	0	0.01356	0.18998	0.19576	0	0.72104	0.03663	0	1.43708	0	0.40492	0	0	0	0	0	0	0	0	0	2.0977	0.25394	1.02784	6.06365	0	0	0.01447	0	0.05717	0	0	0	0.02654	61.08721	0	0	0.0141	0.12356	0.21015	0.02489	0.00482	0.08379	0	0.4384	0	0	0	0	0	0	0
107HP	4.60673	0	0	0	0	0	0	0	0	0	0	0	0	0.22918	0	0.00413	0	0	0	0	0	0	0	0	0.00844	0	0	0	0	0	0.00255	0	0	0	0	0	0	0	0	0	0	0	0	0	0	0.0596	0	0	0	0	2.4004	0	0	0	0	0	0.21902	0.19334	0.31047	0	3.86443	0	0	3.48057	0	0.16917	0.0599	0	0	0	0	0	0	0	0	8.85007	0.23929	5.82751	27.87444	0	2.61747	0.6027	0	0.73935	0	0	0	22.22814	8.16983	0	0	0.50229	0.29539	0	0	0	0.57203	0	0.41629	0	0	0.07759	0	0	0	0.03323
108HP	0	0.64617	0.02965	0.06985	4.48314	0	0.76594	0	0.18373	0.77633	0	0	0	0.6114	0	0.10423	1.01753	0.00743	2.5682	0	0	0	0	6.61588	2.25433	0.40402	1.28911	0.66098	0	0.76287	0	0.02611	0	0	0	0	0.16342	0	0	0	0	0.47286	0	0	0	0.23445	0	0	0.31221	0	0.71265	0	0	0	0	0	0.38177	1.09485	0.76387	0	21.27055	1.12825	0.66703	6.59673	0	0.03801	0	0	0	0	0	0	0	0	0	0	0.40295	0	0	0.60858	0.05071	0	0.02424	0.85601	0	0	0	0	0.02487	0	0.22338	1.79954	0.39212	1.22838	0.70159	2.613	1.26092	3.12726	1.79212	0	0	0.06765	0	0	0	0.01607
109HP	0	0	0.46562	0	1.30669	0	0.10897	0	0.07702	1.37876	0	0	0	0.69744	0	0	3.84713	0	2.01	0	0	0	0	8.30413	2.68433	0.74408	1.85751	0	0	0	0	0	0	0.43754	0.2981	0	0.06995	0	0.06835	0	0	0.08708	0	0	0.18853	1.77848	0	0	0	0	2.32729	0	0	0	0	0.0076	0.62136	0	2.79153	0	2.91063	0.03783	0.50949	11.53466	0.15192	0	0	0	0.04252	0	0	0	0	0	0	0	0	0	0	0.53224	0.07998	0	0.02509	0.32629	0	0.01293	0	0	0	0	0.42896	0	0	0	0	0	3.47325	8.76989	10.33193	0	0	2.98132	0	9.76756	0	0.02081
11HP	0	0	0	0.23988	0	0	0.02985	0	0	0	0	0	0	0.00524	0	0	0.04177	0	2.57333	0	0	0	0	0	11.87426	0	0	0	0	0.54987	0	0	0	0.10114	0	0	0	0	0.00151	0	0	0	0	0	0.01597	0	0	0	0.62797	0	0.47047	0	0	0	0	0.00728	0	0	0	0	44.90972	0.0385	0.33824	4.64973	0.02579	0.10417	0	0	0	0	0	0	0	0	0	0	0	0	0	0	0.28059	0.53352	0.66523	0	0	0	0	0	0.02641	0	0	0.56431	0.5612	2.58618	0	3.68749	0.24656	1.38541	2.32684	0	0	0.01579	0	0.02508	0	0.05404
130HP	0	0.03942	0	0.01335	2.89303	0	0.06389	0	0.03637	0.78214	0	0	0	9.26321	0.00931	0.01841	0	0.02259	2.59227	0	13.54493	0	0	0.02774	0.73345	0.14837	0.25755	0	0	0.24481	0.00394	0	2.79732	0	0	0	0	0	0	0	0	0.03141	0	0	0	0.10513	0	0	7.04869	0	1.65026	0	0	0	0	0	0.03073	1.03193	2.19547	0.74426	9.55915	0.01462	0.0122	1.26867	0	0.01775	0	0	0	0	0	2.59224	0	0	0	0	0	0	0	0.48318	0.00748	0	1.35451	0	0	0.16485	0	0	0.00583	0	0.02728	0.09163	3.03447	3.01029	0.00858	0.5854	1.00234	1.79863	1.55833	0	0	0.38523	0	0.05229	0	0.00714
131HP	0	0.18147	0.01968	0.06439	3.98497	0	0.00246	0	0.13031	3.48418	0.00957	0	0	40.59413	0	0	0	0.00573	3.92958	0	8.8622	0	0	0	0.48161	0.10408	0.33563	0.00753	0	0	0	0.00981	0.27769	0	0.0444	0.00309	0	0	0	0	0	0	0	0	0	0.06342	0	0	0.00712	0	0.0524	0	0	0	0	0	0	0	0.16833	0.20218	0.36067	0.07956	0	9.18855	0.04595	0	0	0	0	0.09209	0	0	0	0	0	0	0	0	0	0.25911	1.04152	0	1.6578	0	0	0.01705	0	0	0.08077	0	0.00855	0.08629	0.0264	4.44603	0	0	0.13192	0.9911	0.40621	0	0	0.04984	0	0.00911	0	0
134HP	0	3.41168	0	0	2.95176	0	0.06932	0	0.09379	0.61078	0	0	0	0.97659	0.0078	0.01941	0	0	0.09402	0	0	0	0	0	0.53946	0.05015	0.17957	0.39617	0	0.2544	5.38512	0.05344	0	0.05983	0	0	0	0	0	0	2.8908	0.37117	0	0	0	0.28124	0	14.4016	0.59726	0	1.18301	0	0	0	0	0	0.65873	0	0.38591	0.11844	3.20765	0.15134	0.28982	6.54213	0	0.01513	0	0.04737	0	0.06274	0	0	0	0	0	0	0.90373	0	0	0.41591	0.07945	0.06032	0.00703	0.07315	0.09095	0	0	0	14.2814	0	0.41388	0.4006	0.48456	4.67998	0	2.5587	0.99023	1.16699	1.66031	0	0	0.10192	0	0.63925	0.64669	0.00332
135HP	0	0	0	0	1.25806	0	0.55484	0	0	0.44728	0	0	0	0	3.23437	0	0	0	3.41799	0	0	0	0	0	2.09906	0.41702	0	0	0	0	17.44847	0	0	0	0.12968	0	0	0	0	0	0	0	0	0	0	0.09106	0	0	0	0	0.19698	0	0	0	0	0	0.15023	0	0.37387	0.25102	5.85194	1.61001	0	10.40382	0	0	0	0	0	0	0	0	0	0	0	0	0.05661	0	0	0	0.10852	0.34841	0	0.30337	0	0	0	0	0.00394	0	0	0.32314	0	1.0424	0	0.01738	0.10657	0	1.66707	0	0	0.05831	0	0.084	0	0.00806
136HP	0	0.0068	0	0.09382	0	0	0.1403	0	0.12931	0	0	0	0	1.49297	0	0	0	0.00435	0.40927	0	0	0	0	0	0.1652	0	0	1.13759	0	0	0	0	0	0	0	0	0	0	0	0	4.59661	0.29757	1.64814	9.35716	0	0.08937	0	0.59843	0	0	4.82195	0	0	0	0	0	0.28978	0	3.83542	0.21861	10.45058	0.02892	0.00789	0.96518	0	0.00122	0	0	0	0.68036	0	0	0	0	0	0	0	0	0	0	0	0.05335	0.7646	0	0	0	1.03335	0	27.13043	0	0.36153	0.27772	0.53758	0	0.03977	0	0.34421	1.47692	2.4361	0	0	0.082	0	0	0	0
137HP	0	2.41611	0	0	1.42354	0	0	0	0	0.24326	0	0	0	0.10502	0.23358	0.03141	0.44179	0.15106	0.03971	0.03259	0	0	0	0.07225	0.26177	0.14035	0.14013	0.00534	0	0	21.95575	0.02854	0.21257	0.05405	0	0	0.02036	0	0	0	0	0.12259	0	0	0	0.11945	0.08105	0	0	0	0.18812	0	0	0	0.20571	0	5.28515	0.25211	0.10733	0.02638	2.99525	1.09088	0.02909	4.90448	0	0.0578	0	0	0.00607	0.26806	0	0.03164	0	0	0	0	0.41287	0	0	0.63342	0.02304	0.23482	0	0.26624	0.14363	0	0	0.71576	2.10801	0	0	0.1265	0.92702	0.59975	0.04879	0.89569	0.17876	0	1.53708	0	28.2589	0	0	0.03072	0	0.06321
159HP	0	0.02003	0.18482	0.2351	3.94045	0	0	0	0.21642	1.29461	0.87082	0	0	0.2322	0	0.00508	0	8.2546	1.40645	0	0.00998	0	0	0	1.75447	0.26691	0.52389	0.33745	0	0.10212	0	0.00422	0.66482	0.16649	0	0	0.09629	0	0.04203	0	6.35684	0.15221	0	0	0.12467	0.13379	0	0	0.0247	5.04955	1.1439	0	0	0	0	0	0.55173	0.47175	0.19831	0.1796	12.26628	0.01074	0.01428	12.11141	0	0.01625	0	0	0	0	0	0	0	0	0	0.44639	1.18812	0	0	0.67134	0.02152	0	0.32603	0	0	0.03288	0	0	22.2355	0	0.07869	0.11884	0.48735	0.27242	0.01247	0.27202	0.23218	0.57436	1.85266	0	0	0	0	0.01336	0	0.00877
15HP	0	6.26271	0	1.51271	0.0572	0	0	0	0	0.68663	0	0.29611	0.00206	0.46529	0	0	0.51429	0	0.232	0.02473	0	0	0	0	0.60131	0.13993	0.61947	1.30949	0	0.07678	3.80367	0.00941	0.92378	0.15065	0	0	0	0	0	0	0	0.09796	0	0	0	0.50919	0.00054	32.70506	0	0	0.56609	0	0	0	0	0	0.08512	1.8823	0.1054	0.06976	10.17933	0.08937	0.14972	2.77858	0	0.00979	0	0	0	0.02209	0	0	0	0	0	0	0	0	0	0.26162	0.0252	0.08697	0	0.26831	0.01675	0	0	0	0.42868	0	5.10285	0.08337	0.30515	0.00182	0.09562	1.47275	0.40612	0.3238	2.08507	0	0	0	0	0	0.02878	0.00348
160HP	0	0	0	0	0	0	0	0	0	0	0	0.03068	0	0	0	0.23767	0	0.07271	0	0	0	0	0	0	0.14457	0	0	0	0	0	0	0	0	0	0.02206	0	0	0	0	0	0	0	0	0	0	0	0	0	0	0	0	0	0.15845	0	0	0	77.3253	0	0.03049	0	0.3516	0	0	1.2808	0	0	0	0	0	0	0	0	0	0	0	0	0	0	0	0	0	0.25671	0.30164	0.50233	0	0	0	0	2.52771	0	0	0.65278	0.1553	0.36548	0	0.20284	0	0	0.36125	0	0	0.96644	0	0.40742	0	0.01622
163HP	0	0.17344	0	0.15355	0.7426	0	0.11578	0	0.06858	0.85465	0.0168	0.11439	0	0.31758	0.69152	0.00581	0	0.61389	0.49922	0	0.01163	0	0	0	0.91572	0.00886	0	0.22007	0	0.72131	0	0.07248	0	0.50925	0	0	0	0	0	0	5.05867	0.37596	0	0	0.01235	0.77712	0	0	0.01576	0	1.20006	0	0	0	0.58606	0	10.50372	1.68044	0.6681	0.34593	13.09787	0.38928	1.51668	8.49734	0.00968	0	0	0	0	0	0	0	0	0	0	0	0.63524	0	0	0.39069	0.27549	0.29386	0.50033	0	0.04212	0	0	0	4.14944	0	0.53916	1.46353	0.36157	21.41179	0.21471	0.21606	0.83954	3.58264	2.43965	0	0	0	0	0.15285	0	0
164HP	0	0	0	0	0	0	0.08608	0	0	0	0	9.16214	0	0	0	0.04843	0	8.43435	0	0	0	0	0	0.00404	2.70799	0	0	0	0	0.02113	0	0	0	0.33812	0	0	0	0	0.00229	0	0	0	0	0	0.97156	0.05749	0	0	0	0	1.11584	0	0	0	1.20713	0	5.13574	0	0.02486	0	0.0199	0	0.00647	0.22385	0	0	0	0.01592	0	0.06123	0	0	0	0	0	0	0	0	0	0	0	0.00402	12.13337	0	0	0	0	0	49.77458	0	0	3.33648	0.1965	0.04313	0	0.03417	0.03782	0	0.53836	0	0	0.11706	0	0.05748	0	0.76628
167HP	0	0	0	0	0	0	0.10373	0	0	0	0	0.0033	0	0	0	17.53328	0	0.02354	0	0	0	0	0	0	0.0107	0	0	0.56647	0	0.73848	0	0.27227	0	0.1867	0	0.03628	0	0	0	0	0	0	0	0	0.00142	0.17451	0	0	0	0.00441	0.30837	0	0	0	0	0	0.25952	0	0.23506	0	0.42371	0	0.01285	22.38488	0.04814	0.4892	0	0.01916	0	0.57201	0	0	0	0	0	0	0	0	0	0.653	0.39515	7.06745	0.01529	17.02885	0	0	0	0	0.27662	0	0.94524	0.57361	4.69331	5.44279	0.09753	1.89315	0.33124	1.15361	1.54354	0	0	0.25309	0	0.01188	0	0.14947
168HP	0	0	0	0	0	0	0.05983	0	0	0	0	0.0031	0	0	0	8.29885	0	0.01056	0	0	0	0	0	0	0.00179	0	0	0	0	0	0	0.54587	0	0.04206	0	0.00546	0	0	0	0	0	0	0	0	0.00179	0	0	0	0	0	0.06869	0	0	0	0	0	0.06267	0	0.09734	0	0.94692	0	0	27.76023	0.05557	0.00479	0	0	0	0	0	0	0	0	0	0	0	0	0	0.33053	0.09287	4.90744	0.00852	12.74507	0	0	0	0	0.09881	0	0.01311	18.86386	0.14408	16.39356	0	1.5036	0.07862	1.88482	2.51624	0	0	0	0	0.2114	0	0.00172
16HP	0	0	0.13631	0.75357	0.0656	0	0	0	0	0	0	0.28919	0.01876	8.21837	0	0	0.00671	0	14.15173	0	0	0	0	0	1.34575	6.21359	0.2518	0	0	0	0	0	0	0.01885	0.15851	0	0	0	0	0	0	0.09276	0	0	0.01296	0.11496	0	0	0	0	1.1312	0	0	0	0	0	0.04507	0.94619	0.14202	0	16.49938	0.01061	0	10.74065	0	0	0	0	0	0.07321	0	0	0	0	0	0	0	0	0	0	0.1489	0.35923	0	1.27153	0.23581	0	0	0	16.68869	0	0.15243	1.05774	0.76898	2.64384	0	0.48311	0.67245	0	0.77499	0	0	0	0	0	0	0.0172
1HP	0.18019	0	0.00615	0	0.45429	0	0.79955	0	0	0	0.02537	0	0	0.33253	0.05794	0	0	0	0.07092	0	0	0	0	0.09384	0.29815	0.00759	0.03358	1.23993	0	0.04468	0.0715	1.03646	0	0.03057	0.00768	0	0	0	0	0	0	0.25271	0	0	0.01631	0.64593	0	0	0	0	4.20237	0	0	0	0.03496	0	0.05542	2.10605	1.13745	0.01803	26.09977	2.51644	0.08069	15.16774	0.05984	0	0	0	0	0	0	0.07223	0.66209	0	0	0	0.0124	0	0	0	0.21225	0.0619	0.53093	0	0.05257	0	0	0.15993	1.76633	0	0.30543	0.47669	2.54377	0	0	0.00242	0.76375	2.02649	2.52265	0	0	0.1754	0	3.08801	0.06107	0.02388
21HP	0	0	0.05595	0	2.29274	0	0.00327	0	0.05145	0.62235	0.00606	0	0.15942	0	0.00057	0	0	0	0.38437	0	0.23214	0.06013	0	0.32224	0.23132	0.0703	0.26997	0	0	0	0	0.75197	0	0.02099	0.00996	0.01201	0	0	0	0	0	0.03904	0	0	0	0.24012	0	0	0	0	0.31915	0	0	0	0	0	0.01234	1.05276	0	0.13858	0.01999	0.59622	0.38927	2.96974	0.00274	0.30875	0	0	0	0	0	2.74795	0	0	0	0	0	0	0	0.46937	0.04323	0.08846	1.48591	0	0.01238	0.18122	0	2.61541	37.32329	0	0.44425	10.75203	10.73198	0.29772	0.66113	0.98017	0.07869	0.55041	2.95686	0	0	0.38485	0	0.08899	0	0.04367
22HP	0	0	0	0	1.32181	0	0	0	0.03989	2.54531	0	0	2.61074	0.00623	0.00709	0.0116	0	0	1.61635	0	2.9149	0.23889	0	2.40116	0.18157	0.02855	0	0	0	0.45668	0	0.01813	0	0	0.00694	0.01068	0	0	0.04692	0	0	0	0	0	0.19168	2.22107	0.00271	0	0	0	3.84844	0	0.02405	0	0	0.03668	0.23595	0	0	0.0487	0.00617	0	0	0.55702	0.05801	0.1284	0.00382	0.01402	0.00467	0.08059	0	0	0	0	0	0	0	0	0	0	0.0833	0.03308	0.44569	0.30959	0.15055	1.06771	0	0	0.00357	0	0	0.00095	0	8.67997	0	3.51591	0.32534	6.75809	4.17664	0	0	4.58384	0	0.00887	0	0
23HP	0	0.01947	0.02239	0.12134	4.42157	0	0.00578	0	0.14416	1.64813	0.17262	0	0	0.6802	0.04627	0.15102	0	0	0.73003	0	21.61326	0	0	5.72849	3.09581	0.15056	0.67272	0.12538	0	0	0	0	0	0.01897	0	0	0	0	0	0	0	0.03333	0	0	0	0.09295	5.68664	0	1.21951	0	0.11755	0	0	0	0.01045	0	0.7555	0	0.03505	0.08822	4.66847	0	0.0071	2.3	0	0.01621	0	0	0	0	0	0.12963	0	0	0	0.03592	0.16707	0	0	0.69827	0.01802	0.07369	0.36012	1.0871	0.29333	0	0	0	0	0	0.37108	0	0.09123	0.6669	0	0.99076	0.17888	0	0.79676	0	0	0.25148	0	0.33622	0	0.01143
24HP	0	0	0	1.04985	1.53958	0	0	0	0	0	0	0	0	0.92484	31.56737	4.90309	0	0	0.83751	0	0	0	0	17.20174	1.70719	0.18343	0.46633	0	0	0	0	0.27108	0	0	0	0	0	0	0	0	0	0	0	0	0	0	0	0	0	0	0	0	0	0	0	1.74026	2.10177	0	0	0	0	0	0	0	0	0	0.05183	0	0	0	0	0	0	0	0	0	0	0	0	0.8043	0	0.21247	0.7412	3.13354	0.2103	0	0	0	0	0	0	0	0	0	0	0	0	0	10.65021	0	0	0	0	0.00362	0	0
26HP	0	0.87471	0.59456	0.14076	2.89218	0	0.01732	0	0.14551	2.3134	0.31346	0.22895	0.16129	3.30204	0.18114	0.0524	0	0	0.45362	0	0	0.33544	0	0.00423	2.06983	0.03484	0.03996	0.38477	0	0.40694	0	0.03949	0	0.00431	0	0	0	0	0	0	0	0.25647	0	0	0	0.28416	7.28308	3.75867	2.55472	0	0.89046	0	0	0	0	0	0.02114	0	0.41479	0.40177	34.63802	0.20874	1.10874	9.6569	0	0.00278	0	0	0	0.15361	0	0	0	0	0	0	0.07807	0	0	1.22177	0.02539	0.0731	2.51683	0	0	0	0	0	6.54824	0	0.19715	0.02065	0.23198	0.19823	0.05705	0.27889	0.29955	0.53808	0.81309	0	0	0.02783	0	0	2.00353	0.00506
27HP	0	0	0	0	5.73291	0	0.03027	0	0	0	0	0	0	20.4146	0.01889	0	0	0	2.69296	0	0	0	0	0	3.95922	0.00129	0	0	0	0	0	0	0	0	0.08014	0.01893	0	0	0	0	0	0	0	0	0	0.05189	0	0	0.0292	0	0.15237	0	0	0	0	0	0.0036	0	0	0	8.00756	0.53869	0	6.62049	0.02627	0	0	0	0	0.01662	0	0	0	0	0	0	0	0	0	1.65654	0.04533	0	0	0.02309	0	0	0	0	35.37652	0	0	0	0.54074	0.02254	0	0	0.14569	0	0.36659	0	0	0	0	0.0028	0	0.00799
2HP	0.11301	0	0	0	1.50768	0	0.25529	0	0	0	0.03478	0	0	0.05443	0	0	0	0	0.28908	0	0	0	0	0.84169	0.37237	0.0873	0	0.00199	0	0	0.05023	0	0	0.65779	0.04116	0.01014	0	0	0.01456	0	0	0.1552	0	0	0.12358	0.29204	0	0	0	0	1.85204	0	0	0	0.02908	0	0.11259	1.03377	0.95091	0.0246	44.6142	0.00968	0.3788	13.75628	0.01701	0	0	0	0	0	0	0.00174	0	0	0	0	0.01351	0	0	0	0.08892	0.13114	2.48194	0	0	0.27592	0	0.35937	11.32081	0	0.1294	1.26085	2.7877	0	0	0.0018	0.49286	0.96044	4.21186	0	0	0.20732	0	0.17752	0	0.01595
31HP	0	0.34306	0	1.96641	1.0932	0	0.00325	0	0.05363	0	0	0	0	0.0105	51.37102	2.7033	0	0	0	0	0	0	0	0.00151	32.68159	0	0.68259	0	0	0	0	0	0	0.05089	0.65755	0.01462	0.15394	0	0.00215	0	0	0	0	0	0.01951	0	0	0	0.74	0	0.05597	0	0	0	0	0	0.03491	0	0.14267	0	0.0087	0	0.02964	0.18296	0.0257	0	0	0	0.01169	0.03453	0	0	0	0	0	0	0	0	0	0.1868	0.60763	0	0.01075	0	0	0	0	0	0.0023	0	0.26253	1.69894	0.46295	0.24751	0	0	0	0	0.36363	0	0	0	0	0	0	0
32HP	0	0.29222	0.00187	0.01704	2.64232	0	0.00048	0	0.04482	1.16457	0	0.07067	0	0.0059	0.00759	0	0	3.10699	0.56868	0	0	0	0	0.51968	1.40121	0.00609	0.58131	0.08182	0	0	0	0.00723	0.10867	0	0.00304	0	0	0	0	0	0	0.01301	0	0	0	0.19713	0	0.58354	0.07841	0	0.08239	0	0	0	0	0	0	0.21596	0.00903	0.03603	1.76356	0	0.00985	1.84002	0	0	0	0	0	0.76411	0	0	0	0	6.25501	0	0	0	0	0.34877	0.05905	0.6971	0.74333	0	0.40704	0.00225	0	0	66.27914	0	0.00912	0	1.01574	0	0.01543	0	0.04375	0	0.1498	0	0	0.00546	0	0.04447	0.66087	0.01086
33HP	0	0	0	0	2.02335	0	0.03841	0	0	0.0018	0	0	0	0.0128	0.01313	0	0	1.85708	0.32452	0	0	0	0	0.98783	1.39227	0	0.00042	0	0	0	0	0	0.14803	0	0.00597	0	0	0	0	0	0	0	0	0	0	0.09423	0	0	0	0	0.14014	0	0	0	0	0	0	0.11301	0	0.06124	7.14291	0	0	2.8116	0.01059	0	0	0	0	0.57722	0	0	0	0	1.47067	0	0	0	0	0	0.04004	0.06787	0.00328	0.0617	0.1224	0.06667	0	0	73.24116	0	0	0	0.41495	0.00045	0	0	0.03098	0	0.41953	0	0	0.0088	0	0.00843	0	0.00111
34HP	0	2.83874	0.01152	0.66282	7.11604	0	0.01442	0	0.31615	0.30822	0	0.00507	0.24289	1.33453	0.06428	0.05387	0	0.00052	0.22192	0	0	0	0	0.59515	15.45061	0.00605	5.04314	0	0	0.17292	0	0	0	0.1501	0.06018	0.03559	0	0.01741	0	0	0	0.19665	0	0	0	0.21043	0	0	0	0	0.58494	0	0	0	0	0	0.24925	0	0.78502	0.01099	32.58338	0.001	0.0027	5.86901	0.0155	0.04048	0.12499	0	0.00126	0	0	0.00244	0	0	0	0	0	0	0	0.47799	0.40732	1.75948	5.8721	0	0.15842	0.02308	0	0	0.05991	0	0.03507	0.06842	0.28946	0.41511	0.28141	1.17841	1.07037	0.90685	1.40665	0	0	0.06389	0	0.21469	0	0.01309
35HP	0	0	0.07519	0.01368	0	0.0724	0.72239	0	0	0	0	0	0	2.37573	0	1.56044	0	0	5.26541	0	0	0	0	0	3.99361	0	0	0	1.041	1.6351	0	0.0173	0	0.80039	2.09961	0.0193	0	0	0.31669	0	0	0	0	0	0.68368	0	0	0	0	0	0	0	0	0	0	0	0.64768	0	0.27692	0	65.09263	0	0	0.63875	0	0	0	0	0	0.08126	0	0	0	0	0	0	0	0	0	0	0.17852	0	0	0	0	0	0	0	0	0	0	0.03144	0	4.09808	0	0.03068	0.04571	0	1.1111	0	0	0.0289	0	0.14056	0	0.00808
39HP	0	3.40003	1.19798	0.02204	0	0	0.04649	0	0	0.00475	1.1469	0	0	1.65754	0.03225	0.76298	0	0	0.61376	2.86523	0	0	0	0	0.04714	0.01288	0	0.28943	0	0	0	0.70589	0	0	0	0	0.37941	0	0	0	0	0.19318	1.46265	2.76803	0	0.30666	5.09542	0	0.27012	0	1.35924	0	0	0	0	0	2.3429	0.55786	0.83615	1.05628	3.06523	21.67476	0.09774	7.86044	0	0	0	0.03575	0.00508	0	0	0	0	0	0.00239	0	0.30389	0	0	0.32513	0.09083	0.26409	1.06171	0.17125	0.25533	0.08831	0	0	2.20844	0	0.70483	1.92397	0.09168	0.41074	0	1.53333	1.04539	1.882	1.87995	0	0	0	0	0.10507	0	0.00101
40HP	0	0	1.82481	0.00503	0	0	0.07048	0	0	0	0.12151	0	0	0.48318	0.0013	0	0	0	0.22424	1.44205	0	0	0	0	0.04075	0.02886	0	0	0	0	0	0.0731	0	0	0	0	0	0	0	0	0	0.10859	1.06031	0	0	0.19013	7.7018	0	0	0	0.32053	0	0	0	0.00166	0	0.58842	0.34044	0.19354	0.24275	21.21671	28.39503	0.02051	6.22883	0	0.01127	0.04823	0	0.02626	0	0	0	0	0	0	0	0.29953	0	0	0	0.04846	0.18697	0	1.16432	0.05474	0.02214	0	0	0.62864	0	0.4541	0.7049	1.15005	1.65608	0	1.39011	0.36425	0.52334	1.90795	0	0	0.0371	0	0.03607	0	0
41HP	0	0	0.00879	0.03396	0	0	0	0.00191	0	0	0	0	0	0.04097	0.04448	0.02046	0	0	0.06229	0	0	0	0	0	0.08464	0	0.08173	0	0	0	0	0.02672	0	0	0.48142	0	0	0	0	0.20282	0	0	0	0	0	0.21619	0	0	0.51052	0	0.64378	0	0	0	0	0.00256	9.18745	0	0	1.23799	59.7181	0.00086	0.00131	7.21599	0.06456	0.04193	0.01102	0	0.59288	0	0	0	0	0	0	0	0	0	0	0	0.03255	0.06077	0	0.09831	0	0	0	0	0.15263	0	0	0	0	8.15062	0	0	0.0897	0.78993	0.80249	0	0	0.61003	0	0.23313	0	0.23605
42HP	0	0	0	0	0	0.35331	0	0.5375	0	0	0	0	0	0	0	0	0	0	3.22984	0	0	0	0	0	0	0.0624	0	0	0	0	0	0.27855	0	0.17544	0.65435	0.06881	0.27202	0.00227	0.29818	0	0	0	0	0	0.58867	0	0	0	1.62853	0	0	0	0	0	0.00328	0.10595	1.15177	0	0	0	0.03148	0.24176	0	0.85613	0.22145	0.05085	0	0	0	0	0	0	4.32341	44.80113	0	0	0	0	0	0	1.67693	0	0	0.00878	0	0	0	0	0.00116	1.60283	0	0	0	7.98135	0	0	0.0076	2.50803	14.0516	0	0	0.77605	0	0.25164	0	0.15883
48HP	0	0.18506	0	0.1267	0.56378	0	0	0	0.43079	0	0	0	0.06253	1.93831	3.552	0	0	3.64352	1.74744	0	0	1.26883	0	0.21092	5.06452	0	0	0	0	0	0	0.01354	0	0.20207	0.22803	0	0	0	0	0	0	0.35055	0	0	0.03817	0	0	0	0	0	0.15956	0	0	0	0	0	0.02544	3.10821	2.69871	1.58436	0.13826	0.53558	0	31.92287	0	0.01582	0	0	0	0	0	0	0	0	0	0	0	0	0	0	0.36092	0.02564	0.72733	0	0.1612	0.20194	0	0	0.02314	0	0.42008	0.00253	0.08222	13.51998	0	0	0.91871	0	5.11003	0	0	0	0	0	0	0
49HP	0	0	0.04801	1.96819	0.52018	0	0	0.01185	1.40561	0	0	0	0.08252	1.71949	6.48217	0	0	2.93217	1.60199	0	0	3.40066	0	1.1985	0.67314	0	0	0.11927	0	0	3.20649	0.00699	0	0.11487	0.13136	0	0	0	0	0	0	0.12056	0	0	0.03836	0	0	0	0	0	0.11232	0	0	0	0	0	0.07264	2.39002	0.68832	0.63188	7.25376	0	0.00266	11.30919	0	0	0	0	0.01408	0	0	0	0	0	0	0.06252	0.06443	0	0	0.47116	0.37589	0.09295	1.40818	0	0.36907	0.31845	0	0	0.04591	0	0.12214	0.00259	0.33989	20.76187	0	0	0.6715	0	10.41024	0	0	0	0	0	0	0
50HP	0	0	0	0	0	0	0	0	0	0	0	0	0	0.01509	0.01707	0	0	0	0	0	0	0	0	0	0.01887	0	0	0	0	0	0.00824	0	0	0	0	0	0	0	0	0	0	0	0	0	0	0	0	0	0	0	0	0	0	0	14.43444	0	17.14778	0	0	0	0.01215	0	0	0	0	0	0	0	0	0	0	0	0.47852	0	0	0	0	0	0	0	0	0	0	0	0	0	0	0	0.00573	0	0	0	0	0	0	0	0	0	0.04007	60.16699	0	0.603	0	1.32823	0	0
51HP	0	3.81504	0	0.12397	0.35517	0	3.15975	0	0.00154	0.07092	0	0	0	0.29833	0	0	0	0.08679	0.04781	0	0	0	0	0	0.15456	0.00426	0.15393	2.6259	0	0.47619	0	0	0	0	0	0	0	0	0	0	0	2.19725	0	0	0	0.44282	0	0	0	0	3.01136	0	0	0	0	0	0.19208	0	2.62073	0.06219	1.14763	0	0.45831	0.24786	0	0	0.01161	0	0	0	0.00093	0.13485	0	0	0	0	1.18088	0	0	0	0	0.01752	0.08802	0	0	0	0	0	0.11935	0	0.04219	0.00078	0.1962	0.02158	0.73094	15.54931	4.49433	21.29962	5.54857	0	0	0.48321	0	0.03363	0.0347	0.00139
53HP	0	0	0	1.58899	0.90985	0	0	0	0.01282	0	0	0	0	34.62101	50.05766	0	0	0	0	0	0	0	0	0	0	0	1.07648	0	0	0	0	0	0	0	0.24917	0.01412	0.05927	0	0.00422	0	0	0	0	0	0.03983	0	0	0	0	0	0	0	0	0	0	0	0.03313	0	0.00998	0	0.00536	0	0	1.98094	0.03469	0	0	0	0.01092	0	0	0	0	0	0	0	0	0	0	0	0.67695	0	0	0.00809	0	0	0	0	0.01233	0	0	0	3.50843	0	0	0	0	0	0.57393	0	0	0	0	0	0	0
55HP	0	0.53499	0.71773	0.14779	7.88937	0	0.05474	0	0.22936	2.23515	1.35286	0	0.07002	0.29603	0.06118	0.96888	0	0	0	0	0	0	0	0	4.25449	0	1.51325	1.53277	0	0.13315	0	0.09039	0.7729	0.07129	0.00299	0.01632	0	0	0	0	0	0.1643	0	0	0	0.31168	0	3.31557	10.20139	0	1.0219	0	0	0	0.02566	0	0.20742	0.01744	0.13471	0.05172	15.02769	0.16807	0.60689	5.72844	0	0	0	0	0.01378	0	1.21229	0	0	0	0	0	0	0	0	0.48246	0.22138	0	4.87332	0	0	0	0	0	7.30951	0	0.34869	0.05974	0.50162	2.83785	0.70621	0	0.10642	0	1.63832	0	0	0.01166	0	0.04012	0.64886	0.00763
56HP	0	0	1.18133	5.65115	6.98909	0	0.18052	0	0	0	1.4127	0	0.13887	15.77339	0.05673	0	0	0	0	0	0	0	0	0.00912	8.3078	0	2.53415	0	0	0	0	0	0	0.03358	0.03272	0.03573	0	0	0	0	0	0	0	0	0.0819	0.35293	0	0	3.12482	0	1.86541	0	0	0	0	0	0.21643	0	0.4334	0.67788	10.4402	0.78856	0	6.83754	0	0	0	0	0.2543	0	0	0	0	0	0	0	0	0	0	0.7806	0.47555	0	0.0662	0	0	0	0	0	2.47297	0	0.63072	0.27812	0.29917	0	0	0	0.41058	0	2.12014	0	0	0.16866	0	0	0	0
57HP	0	0.07976	0	0.00553	0.03567	0	0.04485	0	0.01768	0	0.02593	0	0	0.16543	0.27911	0.04609	0	0	0.09108	0	0	0	0	0	0.16589	0.01977	0.02283	0.55269	0	0.05403	0.38039	0	0	0	0	0	0	0	0	0	0	0.13403	0	0	0	0.15303	0	2.83805	4.15818	0	0.39672	0	0	0	0.0198	0	0.12066	0	0.33694	0.06744	0.64285	0.06831	0	2.15943	0	0.15257	0	0.2739	0	0	0	0	0	0	0	0	0.01128	0	0	0	0.02367	0.12447	0.21969	0	0.05019	0	0	0.01762	78.5333	0	0.00986	1.2312	0.77887	0.90883	0.05445	0	0.19713	0	0.58623	0	0	0.00605	0	0	0	0.02843
58HP	0	0	0	0	0	0	0	0	0	0	0	0	0	0	0	3.80579	0	0	0.01123	0	0	0	0	0	0.03732	0	0	0	0	0.15666	0	0	0	0.0463	0.07579	0.00321	0	0	0	0	0	0	0	0	0	0	0	0	0	0	0.0199	0	0	0	0.14473	0	23.89428	0	0	0	0.01958	0	0	0.00826	0	0	40.95434	0	0	0	0	0	0	0	0	0	0	0	0	0	0	0	0.06879	0	0	0	0	0	12.29357	0	0	0	0	0	0	0	0.06142	0	0.38158	0	0	1.01859	1.07034	0.12135	0	1.39117
59HP	0	0.00706	0	0.00099	1.85908	0	0	0	0	0.49352	0.19634	0	0	0.92558	0.05667	0	0.02578	0	0.75639	0	0	0	0	0	1.64132	0.72794	0.49665	0.46129	0	0.10259	0	0.0203	0	0	0.02653	0	0	0	0	0	0	0	0	0	0	0.13774	3.29854	0	0	0	0.68085	0	0	0	0.00569	0	25.10272	0	0.53505	0.10889	28.62094	0.41173	0	1.90092	0	0	0	0	0	0	0	0	1.00445	4.26892	0	0	0.16979	0	0	0.56131	0.1137	0.02648	0.5881	0	0	0	0	0	0.03688	0	0.0345	0.01515	0.45178	4.15599	0.53759	0.465	0.25033	0.85501	1.30373	0	0	0.01455	0	0.13245	0.17641	0.01913
5HP	0	0.02892	0.01181	0.11337	1.13698	0	0.19091	0	0.00959	0.65002	0.00049	0	0	0.28367	0	0.15052	0.07573	0	0.00725	0	0	0.16176	0	0.0999	0.13771	0	0.14035	2.79536	0	0.89427	0.03306	0.03303	0	0.03439	0	0	0	0	0	0	0	0.13524	0	0	0.01498	0.42203	0	3.69023	0	0	0.2895	0	0	0	0.03211	0.00287	0.54632	0	0.37199	0.13293	15.74603	0.01537	0.43261	3.47994	0	0	0	0	0	0	0	0	0	0	0	0	8.45815	0	0	2.25901	0.06828	0.63057	0.00079	0	0.0323	0.01885	0	0	0.02102	0	0	2.97584	0.01421	0	0.06959	0	0.7595	1.43952	5.7015	0	0	0.00912	0	0.00824	0	0
60HP	0	0	0	0	2.66255	0	0.00658	0	0	1.83764	0.03384	0	0	8.65789	0	0	0.15886	0	1.16211	0	0	0.03847	0	0	5.46768	0	1.48997	0	0	0	0	0	0	0	1.26189	0	0	0	0	0	0	0	0	0	0	0.44515	0	0	0	0	0	0	0	0	0	0.01283	0	0	0.2253	0.6958	0.15404	1.07422	0	6.53787	0	0	0	0	0	0	0	0	0	10.76932	0	0	0.07645	0	0	0	0.69069	0.12287	1.45337	0	0	0	0	0	0	0	0.09637	0.03442	0	5.59188	0	0	0.94208	0	9.68805	0	0	0.07882	0	0.5408	0	0
61HP	0	0	0	0	2.01854	0	0.01914	0	0	0	4.73493	0	0	2.25247	0	0.26145	0	0	1.81178	0	0	0	0	0.99725	5.14671	0	0	0	0	0	0	0	0	0.01503	0.02226	0	0	0	0	0	0	0	0	0	0	0.259	0	0	8.95314	0	1.03085	0	0	0	0	0	0	0	0.13831	0.42791	20.69286	0	0.06474	17.41266	0.00167	0	0	0	0	0.17811	0	0	0	0	0	0	0	0	0	0	0.59855	0	0.11493	0	0	0	0	0	0	0	0	15.04178	0	3.25165	0.76692	3.89993	0.15418	0	2.1474	0	0	0.04712	0	1.37548	0.01247	0.02079
62HP	0	0	0	0	0	0	0	0	0	0	0.25512	0	0	3.00185	0	0	0	0	6.01394	0	0	0	0	0	0.50755	0.05776	0	0	0	0	0	0	0	0	0.84947	0.01489	0	0	0	0	0	0	0	0	0	0.07589	0	0	0	0	1.34556	0	0	0	0.23729	0	0	0	0	0	45.91784	0	0	16.43328	0.04609	0	0	0.33047	0.2797	0	0	0	0	0	0	0	0	0	0	0	0.85133	0	0	0	0	0	0	0	0.00998	0	0	0	0	0.01303	0	0	0.83217	0	8.29445	0	0	0.13514	0	1.47385	0	0
63HP	0	0	0	0	0.05354	0	0.01647	0	0.03816	0	0	0	0	0.01087	0	0	0	0.01236	0.03377	0	0	0	0	0	0.05815	0	0.08847	0.22729	0	0	0.00482	0	0.43452	0.08712	0	0	0	0	0	0	2.29429	0.21697	0	0	0	0.65907	0	0	5.49181	0.00344	0.84884	0	0	0	0	0	0.0405	0.75623	0.23036	0.22757	14.54932	0	0.13072	4.34232	0	0.27687	0.01479	0	0	0.12869	0.7904	0	0	0	0	0	0.05252	0	0	0	0.00492	0	0	0.03972	0.01726	0	0	0	55.01031	0	0.01692	1.15411	0.27886	0.36337	1.31243	0.00066	0.16655	0	0.87982	0	0	1.22571	0	0.00739	0	0.02314
64HP	0	0	0	0	0.01513	0	0	0	0	0	0	0	0	0.11623	0	0	0	0	0.25188	0	0	0	0	0	1.00357	0	0.11873	0	0	0	3.61266	1.26944	0.5101	0	0	0	0	0	0	0	0	0	0	0	0	0.23313	0	0	1.90342	0	1.87176	0	0	0	0	0	0.42664	2.22907	0.56861	0	0.20161	0.04037	0	5.84932	0	1.27144	0	0.20422	0	0	0	0	0	0	0	0	0	0	0	0	0	0.07664	0	0	0	0	0	0	59.43377	0	0	0	0.90299	1.92473	1.2237	0	0.36657	0	1.89404	0	0	0.55792	0	1.65693	0	0.0828
67HP	0	0.12482	0	0.08837	1.32283	0	0.40035	0	0.35688	0.0103	0.16124	0.00347	0.0203	2.38353	0.05144	0.46046	0	0	0.7557	1.22224	0.15238	0	0	4.18054	2.24207	0.0353	3.50446	0	0	0	0.01902	0	0.84927	0	0	0	0	0	0	0	12.71788	0.08064	0	0	0	0.46783	0	0	0	0	1.62986	0	0	0	0	0	0.17981	1.06174	0.55209	0.02897	14.0074	0	0.48012	9.58711	0	0	0	0	0	0	0	0.01652	0	0	0	0	0.17909	0	0	1.21114	0.06933	0.00502	5.33949	0	0.04016	0.04994	0	2.11337	10.34273	0	0.32364	0.0437	3.45337	0.12237	0.15163	0.97573	0.37743	2.1183	3.99996	0	0	0.03316	0	0	0	0
68HP	0	0	0	0.02313	0.73981	0	0.05173	0	0.03382	0.0083	0.09318	0.04447	0.0331	0.17786	0.03844	1.04697	0	0.21739	0.69091	0.00271	0.68318	0	0	2.92586	0.86722	0.69624	0.27017	0	0	0	0.00514	0.01025	0.52907	0.01459	0.00357	0.00235	0	0	0	0	0	0.07158	0	0	0	0.29022	0	0	0	0	0.85377	0	0	0	0	0	0.1318	0.13876	0.09552	0.16282	2.69675	0	0.32646	10.60993	0.00463	0	0	0	0	0	0.05769	0	0	0	0	0	0	0	0	0.55041	0.17065	0.00854	2.225	0	0.29201	0.07456	0	2.29195	50.67199	0	0	0.84567	0.02742	0	0.0844	0.00453	0.16573	0.91493	1.54737	0	0	0.06125	0	0.06302	0	0.00409
69HP	0	0	1.72321	0.29657	12.78192	0	0.03435	0	0.25147	3.05184	5.9097	0	0.02267	1.07558	14.31545	0.18966	0	0.00136	0.73855	0	0	0	0	0.94666	6.3375	0.09655	2.53382	0.00719	0	0	0.01199	0	0	0	0.16498	0.02949	1.59855	0	0	0	0	2.1663	0	0	0	0	0	0	0	0	1.08057	0	0	0	0	0.02077	0.52622	0	2.34361	0.00572	8.62621	0	0.02982	1.83042	0.0089	0	0	0	1.48526	0	0	0	0	0	0	0	0.20479	0	0	0.60773	1.64415	0.3271	1.93909	0	0	0	0	3.21559	0.96121	0	0.37673	0.24727	0.06713	0	0	1.95378	0.25544	2.48463	2.19648	0	0	0.12891	0	0.19675	0.77891	0
6HP	0	0	0	0.18067	0.58779	0	0.01149	0	0	0	0.00186	0	0	6.08362	0	0	0	0	0.01889	0	0	0.03684	14.47749	6.64098	1.33188	0.00669	0.38278	0.00233	0	0	0.03746	0.0055	0	0	0.0595	0	0	0	1.36493	0	0	0	0	0	2.16857	0.18624	0	0	0	0	1.11095	0	0	0	10.87247	0.02424	0	0.00389	0.73268	0.20347	0.08012	0.00249	0	1.19603	0.0842	0	0	0.06766	0.23297	0	0	0	0	0	0	0	0.00354	0	0	0.46725	0	12.26895	0.00667	0	0	0.06069	0	0	0.02343	0	0	0.01047	0.0122	0	0	0	0.15505	0.46981	24.43542	0	0	0.07109	0	1.19648	0	0.00183
70HP	0	0	0	0	5.16234	0	0	0	0	0.00317	1.42957	0	0	28.08148	0.01411	0.01598	0	0.04669	3.96103	0	0	0	0	22.55022	0.04708	0.04685	2.01131	0	0	0	0.00975	0.0102	0.04145	0.16974	0	0.03259	0	0	0	0	0	0.00325	0	0	0	0.00413	0	0	0.0762	0	0.04632	0	0	0	0	0.04074	5.07145	0	0.00456	0	0.03407	0	0.1907	0.66624	0	0	0	0	0	0	0	0	0	0	0	0	0	0	0	0	0.22091	4.77027	3.62487	0	0	0	0	0.00121	0.10443	0	0	0.50914	0.04891	0	0	0	0.01283	0	1.43725	0	0	0.02096	0	0.11308	0.13224	0.32904
71HP	0.05877	0.35855	0	0	0.08278	0	0.04823	0	0	0.025	0.05114	0	0.28545	0.07074	0.01496	0	0	0.1658	0.07259	0	0	0	0	0.21648	0.5289	0	0.07373	0.10076	0	0.09888	15.21508	0.50974	0.10971	0.03996	0	0	0.00539	0.18651	0	0	0	0.13094	0	0	0	0.15791	0.03955	0	0	0	0.53211	0	0	0	0	0	0.03848	0.30222	0.40541	0.10671	0.82175	0.34317	0.06502	1.78498	0	0.3637	0	0	0	0.09207	0	0	0	0	0	0	0.32905	0	0.10304	0	0.01812	0.05471	0.06915	0	0.02482	0	0	0.81016	62.91339	0	0.49271	0.46473	0.34423	0.32475	0	0	0.15593	0	2.51786	0	0	0	0	0	0	0.00978
72HP	0.15032	0.01134	0	0	0	0	0	0	0	0	0.10411	0	0	0	0	0	0	0	0.10163	0	0	0	0	0	0.19476	0	0.27805	0	0	0	19.81851	0	0.18225	0.44496	0	0	0	0	0	0	0	0.02124	0	0	0	0.10547	0	0	0	0	1.76608	0	0	0	0	0	2.54082	0.47034	0.3602	0.01208	0.18231	1.27318	0	3.29678	0	0.07079	0	0	0	0	0	0	0	0	0	0	0.578	0	0.12208	0	0.01917	0	0	0	0	0	0	0	57.99593	0	0.40459	0.55173	0.15883	0.00483	0	0.06296	0.17866	0	2.11701	0	0	0	0	0	0.03253	0.0305
73HP	0	0	0.23823	0.08211	7.25542	0	0.21065	0	0.52698	2.83626	0.16248	0	0	0.20535	0.54998	0	0	0	0.25226	0	0.01059	0	0	0.78455	0.92635	0.11706	0.4397	0	0	0	0	0	0	0	0	0	0	0	0	0	0	0.41842	0	0	0	0.36451	0	0.70459	0	0	0.39122	0	0	0	0	0	0	2.69051	0.66771	0.53105	8.17678	0	0.52582	29.28295	0	0.49474	0	0	0	0.34303	0	0.53765	0	0	0	0	0	0	0	0.79358	0.15077	0	0.91092	0	0	0	0	1.73961	9.02802	0	0.45108	0	2.19	0	0.64069	1.04623	0.78688	2.34307	1.60386	0	0	1.37854	0	0.52003	0	0.13033
74HP	0	0	0	0.05565	5.87329	0	0.01544	0	0.78219	8.01534	0	0	0	0.30266	0	0	0	0	0.74877	0	0.52354	0	0	7.13748	3.58401	0.10325	0.4005	0	0	0	0	0	0	0.0062	0	0	0	0	0	0	0	0.06197	0	0	0	0.26595	0	0	0	0	0.05894	0	0	0	0	0	1.06943	0	0.15644	0.16441	0.25959	0	0	17.52634	0.14273	0.34557	0	0	0	0.05249	0	0.11947	0	0	0	0	0	0	0	0.69126	0.69114	0.37653	1.30944	2.30595	0	0	0	2.01104	0	0	0.04442	0	3.90606	0	0	0	0.14853	0	1.01881	0	0	0.82925	0	0	0	0.45182
77HP	0	0.20769	0	0	0.42442	0	0.09246	0	0	0.00125	0.26031	0	0.81106	1.33372	0	0	0	0	0.76947	0	0	0	0	0	0.27412	0	0	0	0	0.24508	0.09979	0	0	0	0.00328	0	0	0	0	0	4.75561	0	0	0	0	0.21974	0	0	0	0	0.38884	0	0	0	0	0	0.36524	0	0.49096	0.03163	0	0.24648	0.19446	16.01334	0	0	0	0	0	0	0	0	0	0	2.42436	0	0.94295	0	0.04131	0.3935	0.64491	0.14519	0.25802	0	0	0	0	1.98046	36.28825	0	0.02524	0	0.17873	2.67854	0.49716	0	0.12104	0	1.56281	0	0	0	0	0.17036	0	0
78HP	0	0	0	0	0.22093	0	0.01365	0	0	0.00379	0.08571	0	0.95197	0.93043	0	0	0	0	0.36501	0	0	0	0	0	0.23019	0.01081	0	0	0	0.02412	0.0615	0.0202	0	0	0	0	0	0	0	0	0	0	0	0	0	0.05275	0	0	0	0	0.05088	0	0	0	0	0	0.12219	0	0.05659	0	0	0.08305	0.28582	2.65847	0	0	0	0.24836	0	0	0	0	0	0	2.88181	0	0	0	0	0.40054	0.32635	0.20935	0.31249	0.05985	0	0	0	2.03977	78.432	0	0.00524	0	0.32314	0.75488	0.02617	0	0.02919	0	0.8995	0	0	0	0	0.00166	0	0
79HP	0	0	0.00591	0	0.52347	0	0.19936	0	0	0.78525	0.00299	0	0	0	0	0.12995	0	0	0.08518	0	0	0	0	0	0.15949	0	0.0423	0	0	0.11458	0.05066	0.20811	0	0	0.02177	0.05971	0	0	0	0	0	0.11362	0	0	0	0.70089	0	0	0	0	0.12192	0	0	0	0	0	0.03017	0.7126	0.58648	0.43348	1.9026	0	0	34.89924	0	0.09945	0	3.07095	0	0	0	0	0	0	0	0	0	0	0	0	0.33889	0.03561	0.32889	0	0.42916	0	0	0	7.6365	0	10.64224	0.11887	4.90076	0	0	0	0.99394	6.39239	4.33963	0	0	0.08755	0	0.37898	0.04575	0.05844
80HP	0	0	0	0	0	0	0.42627	0	0	7.15515	0.0267	0	0	1.12727	0	0	0	0	0.04736	0.00046	0	0	0	0	2.51155	0.00242	0	0	0	0	0.08971	0.0086	0	0	0.02553	0.03272	0	0	0.02506	0	0	0	0.21454	0	0	0.05416	0	0	0	0	0	0	0	0	0	0	0.13704	0	0.12017	0	0	0	0	8.05296	0	0.07532	0.00182	0.95195	0	0	0	0	0	0	0	0.06154	0	0	0	0	1.86387	0	0.01622	0.10151	1.27237	0	0	0	18.53617	0	0.004	0	11.1418	0	0	0	0.23126	0	8.74841	0	0	0.32526	0	0.02748	0	0.00982
83HP	0	0	0.18481	0.01343	3.72611	0	0.02352	0	0.00918	0.00665	0	0	0.74097	0.3481	0	0	0	3.86247	0.21197	0	0	0	0	0.42345	0.96859	0.02344	2.27793	0.18651	0	0.06095	0	0.02858	0	0	0.00823	0.02036	0	0	0	0	0	0.20086	0	0	0	0.21744	0.27276	0	0.03989	0	0.58025	0	0	0	0	0	0	0.32947	0.65281	0.52684	0.13571	0.91074	0	6.75649	0	0	0	0	0	0.26839	0	0	0	0	0	0	0.30094	0	0	0	0.12059	0.03096	1.23112	0	0.036	0	0	0	33.28022	0	0.11574	0	0.26069	0.90655	0	0	0.58135	2.03179	1.5982	0	0	0.03756	0	0.11411	0	0
84HP	0	0	0.01358	0.02595	0.73235	0	0.01791	0	0.01579	0.64462	0	0	0	4.38598	0.13098	0	0.02906	0.38569	0.42629	0	0	0	0	0.04162	0.46769	0.07194	0.56698	0.26068	0	0.13294	0	0.00274	0	0	0.00843	0	0	0	0,0007	0	0	0.12506	0	0	0.03696	0.01142	0	0	0	0	0.12133	0	0	0	0	0	0.01003	0.00505	0.18704	0.00137	0.87978	0.02565	0	8.6855	0.00178	0.09626	0.00521	0.33535	0.03086	0	0	0	0	0	0	0	0.01286	0	0	0.20533	0.29913	0.2503	0.81294	0	0.07227	0	0	0	52.69256	0	0.51934	1.03357	0.02114	3.23594	0	0	0.39272	0	0.998	0	0	0.0701	0	0.05729	0	0.01566
85HP	0	0	0	0.00846	0.91889	0	0	0	0	0	0.07028	0	0	0	0	0	0	0	0.24187	0	0	0	0	0	0.06237	0.00654	0.09681	0	0	0.0776	0.00297	0	0	0	0.04698	0	0	0	0	0	0	0	0	0	0	0.40669	0	0	0.0172	0	1.13346	0	0	0	0	0	2.14439	0.74095	0.17202	0.1242	11.56051	0	0.02063	36.67926	0.00078	0	0	0	0	0.13556	1.00813	0	0	0	0	0	0	0	0	0	0.03619	0.05475	0.45527	0	0	0	0	0	11.91716	0	2.04109	0.00255	1.04395	0	0	0.00362	0.16513	1.54641	2.5831	0	0	0.06691	0	0.6255	0	0.00337
86HP	0	0	0	0	1.92571	0	0	0.02663	0	0.00168	0.06041	0	0	0	0	0	0	0	0.10565	0	0	0,0009	0	0	0.07844	0.00591	0	0	0	0	0.00157	0	0	0.01258	0	0.00454	0	0	0	0	0	0	0	0	0	0.15701	0.00107	22.84211	17.86999	0	0.41271	0	0	0	0	0.00659	0.02558	0	0	0	0.46291	0	0	16.98526	0.06362	0	0	0	0	0	0.95792	0	0	0	0	5.04049	0	0	0.01653	0	0.17129	0.04607	0	0.05687	0	0	0	0	1.65065	0	0.09013	0.24024	0.69698	3.14953	0	2.82174	0.17403	3.1776	2.95683	0	0	0.00712	0	0.63221	0	0.00799
89HP	0	0	0	0	0	0	0.0616	0	0	0.04327	0	0	0	0.11677	0	0	0.02044	0	0.02511	0	0	0	0	0.0183	1.13999	0	0.49964	1.7688	0	0	20.04416	0.05365	0.99686	0	0	0	0	0	0	0	0	0.28295	0	0	0	0	0	0	0	0	0.4614	0	0	0	0	0	0	0.52553	0.08245	0.51134	0.6001	1.18566	0.02821	21.02501	0	0	0	0	0	0.2087	0	0	0	0	0	0	0	0	0	0	0.36249	0.08115	0.21196	0	0	0	0	4.53742	0.32082	0	0.03603	2.50146	1.56157	0.922	0.04645	0.22731	0.55211	0	5.46184	0	0	0	0	0.38559	0	0
8HP	0	0	0	0.00266	0.74455	0	0	0	0.03325	0.66877	0.00675	0	0	0.56715	0	0	0	0	0.08064	0	0	0	0	0.33511	0.32462	0.05382	0.03086	0.00798	0	0	48.79667	0.04249	0.26945	0.38492	0	0	0	0	0	0	0	0	0	0	0	0.13732	0	0.77458	0.21548	0	0.19932	0	0	0	0.00476	0	0.04282	0.5658	0.05323	0.10425	5.33047	0.82679	0	2.36088	0	0.00303	0	0	0	0	0	0	0	0	0	0	0.00306	0	0	0.4724	0.00854	0.48414	0.1525	0	0	0	0	0	4.40938	0	0.054	0.07808	4.73995	0.00479	0.13538	1.23703	0.14837	0	2.58182	0	0	0.03569	0	0.23043	0	0.00415
90HP	0	0	0	0	0	0	0.05437	0	0	0	0	0	0	0.18663	0	0	0	0	0.03529	0	0	0	0	0.05656	1.18048	0.27105	0	0	0	0	15.75366	0.04636	0.81516	0	0.00389	0	0	0	0	0	0	0.04313	0	0	0	0	0	0	0	0	1.40804	0	0	0	0	0	0.02495	0	0.2047	0.13877	2.40856	0	0.06479	23.51956	0	0.07279	0	0	0	0.2177	0	0	0	0	0	0	0	0	0.06091	0.44479	0.39595	0.22249	0.29196	0	0	0.34357	0	13.29307	4.78304	0	0.09943	0	0.53899	0	0	0	0.32831	0.86472	4.99338	0	0	0.02164	0	0.23936	0	0.01222
95HP	0	0	0.0421	0.17428	0	0	0.06565	0	0	1.6281	0.0958	0	0	0.01478	0	0.34541	0	0	1.32615	0	0	0	0	0	14.28159	0	0	2.89281	0	0.45099	0	0.03114	0	0.01369	0.0637	0.04176	0	0	0.00079	0	0	0.25262	0	0	0.02291	0.30228	0	0	8.98434	0	3.32385	0	0	0	0.09365	0	1.42079	0	0.85402	0.00208	5.31213	0.06213	0.23932	13.76543	0.07164	0	0	3.57443	0.00132	0	0	0	0	0	0	2.05563	0	0	0	0	0.48518	0.0217	0	1.20818	0.25159	0	0	0	0.02776	0	0.16372	1.22386	3.19873	2.33896	0	0	0.12802	2.07686	1.91388	0	0	0.28495	0	0.11958	0.32696	0.04993
96HP	0	0	0.01934	0.1491	0.00776	0	0.00964	0	0	2.05629	0.06969	0	0	0.04008	0	1.01847	0	0	10.08766	0	0	0	0	0.00087	14.6364	0.0136	0	0.21512	0	0.07269	0	0	0	0.06876	0.0545	0.02121	0	0	0	0	0	0.08233	0	0	0.00822	0.06608	0	0	0	0	0.21117	0	0	0	0	0	0.08571	0	0.0041	0	11.10417	0.05922	0.37585	3.4361	0.13552	0	0	1.39524	0	0	0.15945	0	0	0	0	0	0	0	0	0	1.24245	0.10265	0.01304	2.84135	0.65457	0	0	0	0.04626	0	0	9.18955	1.87964	0.45975	0	0	0.15761	0.9943	1.32472	0	0	0.0072	0	0	3.2238	0
97HP	0	0.39322	0.0054	0.09091	1.12315	0	0	0	0.05306	0	0.14207	0	0.38812	0.55375	0	0.00524	0	7.02177	0.24232	0	0.34043	0.22368	0	0	37.6822	0.04753	0.35037	0.40217	0	0.13434	0.49431	0	0.32739	0.04286	0	0	0	0	0	0	0	0.0406	0	0	0	0.23483	0	0	0	0	0.096	0	0	0	0	0	0.0503	0.20783	0.18758	0.02579	19.09727	0.44295	0.08876	4.36278	0	0	0.02755	0	0	0.27949	0.05892	0	0	0	0	0	0	0	0	0.63182	0.03678	0.4964	2.04872	0	0.27328	0	0	2.82012	0.1073	0	0.49257	2.26474	1.38029	0.28851	0.90333	0.70804	0.08316	0.61337	0.8086	0	0	0.04073	0	0	0.34609	0.0186
98HP	0	0	0	0	3.81564	0	0	0	0	0	0	0	0.01289	23.23469	0	0	0	0.01758	0.00936	0	0.00819	0	0	0	10.58727	0.10622	0.8708	0	0	0	0	0	0.02995	0.04696	9.49341	0	0	0	0	0	0	0	0	0	0	0.05974	0	0	0	0	0	0	0	0	0.11847	0	8.69765	0	0.02366	0.03717	0.01642	0	0.00288	0.32729	0.04607	0	0	0	0.04659	0	0	0	0	0	0	0	0	0	0	0	0.09574	0	18.66025	0	0	0.09552	0	0.96059	0.0262	0	0	0	0.10394	0	0	0.00813	0.10557	0	2.05964	0	0	0.09817	0	0.19358	0	0.40229
9HP	0	0	0	2.2994	1.3753	0	0	0	0	0	0	0	0	0	0	0	0	0	0.64219	0	0	0	0	0	14.78437	0	0	0	0	0	0	0.14255	0	1.17249	0	0	0	0	0	0	0	0	0	0	0	0.33777	0	0	0	0	0.82105	0	0	0	0	0	0.15223	0.01556	1.04404	0	4.25299	3.8996	0	5.4028	0	0	0	0.43822	0	0	0	0	0	0	0	0	0	0	0	0	0.38079	0	0.00246	0	0	0	0	0	0.26661	0	0	2.22789	1.69178	0	1.34712	0.1265	0.17942	0	2.21459	0	0	0.23923	0	0.47503	0	0
